{
    "$schema": "https://aka.ms/azure-quickstart-templates-metadata-schema#",
    "type": "QuickStart",
    "itemDisplayName": "Connect to a Event Hubs namespace via private endpoint",
    "description": "This sample shows how to use configure a virtual network and private DNS zone to access a Event Hubs namespace via a private endpoint.",
    "summary": "This template creates a vnet and a subnet hosting a Linux virtual machine that accesses a Event Hubs namespace with a private endpoint.",
    "githubUsername": "paolosalvatori",
    "dateUpdated": "2020-07-20"
}